ImageFilename,Location,Category,Priority,Notes
IMG20260525103555.jpg,Scheme Driveway,Signage,Informational,New signed errected notifying residents and guests to not park on the grassed areas
IMG20260525103722.jpg,Scheme Driveway,Signage,Informational,New signed errected notifying residents and guests to not park on the grassed areas
IMG20260525103756.jpg,Scheme Driveway,Signage,Informational,5 km speed sign
IMG20260525103805.jpg,Scheme Driveway,Signage,Low,"Incorrect information, scheme is not a retirement village and has never been registered as one"
IMG20260525103817.jpg,Scheme Driveway,Signage,Informational,5 km speed sign
IMG20260525132151.jpg,Main Building,Pathway,High,"Movement cracks to entry path, residents and guests have started to trip. Committee notified 1 May 2026, awaiting response"
IMG20260525132227.jpg,Building A,Pathway,Low,"Movement cracks evident to path, mud around retaining wall from rains 18 May 2026"
IMG20260525132254.jpg,Building A,Clothesline,High,"Due to soil erosion ground is uneven, while hanging out washing a resident has lost footing and fallen recently."
IMG20260525132301.jpg,Building A,Grounds,High,Abandoned irrigation piping is exposed potential trip hazard
IMG20260525132318.jpg,Building A,Grounds,High,"Soil erosion results in protruded concrete edge, trip hazard"
IMG20260525132323.jpg,Building A,Infrastructure,High,Green cable insulation protruding from dirt
IMG20260525132332.jpg,Building A,Storm Water,Moderate,Flex downpipe cracked
IMG20260525132613.jpg,Building A & Building B,Storm Water,Low,Incomplete work
IMG20260525132616.jpg,Building A,Sewerage,High,"Bolted Screw Cap protruding due to soil erosion, trip hazard"
IMG20260525132645.jpg,Building B,Infrastructure,High,"Flex downpipe cracked. Bolted Screw Cap protruding due to soil erosion, trip hazard"
IMG20260525132700.jpg,Building A & Building B,Grounds,Low,"Large trees overhang roof to both blocks, arborist required to attend to trim back to minimise gutter debris"
IMG20260525132712.jpg,Building B,Infrastructure,Low,"Patio concrete showing evidence of water pooling, this can impact structural intergrity of the slab if unattended"
IMG20260525132717.jpg,Building B,Foundation,Moderate,Patio concrete cracking at base of post
IMG20260525132726.jpg,Building B,Sewerage,Moderate,"Bolted Screw Cap missing, potential for extensive damage to plumbing infrastructure from animal or debris entering sewer system"
IMG20260525132731.jpg,Building B,Sewerage,Moderate,"Bolted Screw Cap missing, potential for extensive damage to plumbing infrastructure from animal or debris entering sewer system"
IMG20260525132741.jpg,Building B,Infrastructure,Low,Waste water pipe cover broken
IMG20260525132744.jpg,Building B,Infrastructure,Moderate,Flex downpipe cracked
IMG20260525132802.jpg,Building B,Foundation,Moderate,Patio concrete cracking at base of post
IMG20260525132809.jpg,Building B,Foundation,Moderate,Patio concrete cracking at base of post
IMG20260525132821.jpg,Building C,Infrastructure,Low,Presence of algae is evidence of water pooling
IMG20260525132824.jpg,Building C,Grounds,Moderate,Protruding storm water access point
IMG20260525132829.jpg,Building C,Infrastructure,Moderate,"Flex downpipe cracked, Patio concrete cracking at base of post"
IMG20260525132831.jpg,Building C,Sewerage,High,"Bolted Screw Cap protruding due to soil erosion, trip hazard"
IMG20260525132843.jpg,Building C,Foundation,High,"Soil erosion exposing unit patio slab, potential for water to enter under slab and degrade integrity from below"
IMG20260525132847.jpg,Building C,Foundation,High,"Soil erosion exposing unit patio slab, potential for water to enter under slab and degrade integrity from below"
IMG20260525132917.jpg,Building C & Building D,Sewerage,Low,Bolted Screw cover cracked
IMG20260525132922.jpg,Building C & Building D,Sewerage,Low,Bolted Screw cover cracked
IMG20260525132925.jpg,Building D,Infrastructure,Moderate,"Flex downpipe broken, evidence of algae to lattice and waste drain"
IMG20260525132949.jpg,Building D,Infrastructure,Moderate,Flex downpipe broken
IMG20260525133008.jpg,Building D,Sewerage,High,"Bolted Screw Cap protruding due to soil erosion, trip hazard"
IMG20260525133108.jpg,Building D,Foundation,Moderate,"Patio concrete cracking at base of post, Algae build up present on concrete and lattice"
IMG20260525133110.jpg,Building D,Foundation,High,"Soil erosion exposing unit patio slab, potential for water to enter under slab and degrade integrity from below. Cracking evidence integrity already compromised"
IMG20260525133124.jpg,Building D,Infrastructure,High,"Mould sited to eaves, tenant from Unit 14 advised mould present inside bathroom"
IMG20260525133206.jpg,Building D,Infrastructure,Low,Gutter debris visible from ground
IMG20260525133253.jpg,Building D,Infrastructure,Moderate,"Mould sited to eaves, tenant from Unit 14 advised mould present inside bathroom"
IMG20260525133516.jpg,Building D,Infrastructure,High,"Bolted Screw Cap protruding due to soil erosion, trip hazard. Algae evident to slab and lattice"
IMG20260525133555.jpg,Building D,Foundation,High,"Soil erosion exposing unit patio slab, potential for water to enter under slab and degrade integrity from below. Cracking evidence integrity already compromised"
IMG20260525133559.jpg,Building D,Foundation,High,"Soil erosion exposing unit patio slab, potential for water to enter under slab and degrade integrity from below. Cracking evidence integrity already compromised. Algae present to slab and lattice"
IMG20260525133605.jpg,Building D,Storm Water,Moderate,Algae buildup to exterior of downpipe indicating high moisture levels
IMG20260525133610.jpg,Building D & Building E,Sewerage,High,"Bolted Screw Cap protruding due to soil erosion, trip hazard. "
IMG20260525133617.jpg,Building D & Building E,Sewerage,Moderate,Bolted Screw cover broken
IMG20260417083418.jpg,Building D & Building E,Pathway,Critical,Soil erosion has washed out underneath path. This has resulted in a drop off from footpath on both sides.
IMG20260417083409.jpg,Building D & Building E,Pathway,Critical,Soil erosion has washed out underneath path. This has resulted in a drop off from footpath on both sides.
IMG20260417083441.jpg,Building D & Building E,Pathway,Critical,Soil erosion has washed out underneath path. This has resulted in a drop off from footpath on both sides.
IMG20260525133623.jpg,Building D,Foundation,High,"Soil erosion exposing slab over pour, evidence of erosion under concrete, potential for water to enter under slab and degrade integrity from below."
IMG20260525133631.jpg,Building E,Sewerage,High,"Bolted Screw Cap protruding due to soil erosion, trip hazard. "
IMG20260525133637.jpg,Building E,Foundation,High,"Soil erosion exposing unit patio slab, potential for water to enter under slab and degrade integrity from below. Algae evident to waste water and slab."
IMG20260525133640.jpg,Building E,Foundation,High,"Soil erosion exposing unit patio slab, potential for water to enter under slab and degrade integrity from below"
IMG20260525133654.jpg,Building E,Foundation,High,"Soil erosion exposing unit patio slab, potential for water to enter under slab and degrade integrity from below"
IMG20260525133709.jpg,Building E,Storm Water,Moderate,Algae buildup to exterior of downpipe indicating high moisture levels
IMG20260525133712.jpg,Building E,Sewerage,High,"Bolted Screw Cap protruding due to soil erosion, trip hazard. "
IMG20260525133719.jpg,Building F,Storm Water,Moderate,Flex downpipe broken
IMG20260525133725.jpg,Building F,Foundation,High,"Soil erosion exposing unit patio slab, potential for water to enter under slab and degrade integrity from below. Cracking evidence integrity already compromised"
IMG20260525133732.jpg,Building F,Foundation,High,"Soil erosion exposing unit patio slab, potential for water to enter under slab and degrade integrity from below. Cracking evidence integrity already compromised"
IMG20260525133745.jpg,Building F,Foundation,High,"Soil erosion exposing unit patio slab, potential for water to enter under slab and degrade integrity from below. Cracking evidence integrity already compromised. Algae present to slab and lattice"
IMG20260525133759.jpg,Building F,Sewerage,Moderate,"Bolted Screw Cap missing, potential for extensive damage to plumbing infrastructure from animal or debris entering sewer system"
IMG20260525133805.jpg,Building E & Building F,Grounds,Moderate,"Large trees overhang roof to both blocks, arborist required to attend to trim back to minimise gutter debris. Leave debris to gutters vivisble from ground"
IMG20260525133808.jpg,Building E & Building F,Grounds,High,"Erosion of soil has caused grounds to be uneven and expose slabs, extensive top soil replacement required"
IMG20260525133811.jpg,Building F,Sewerage,Moderate,"Bolted Screw Cap missing, potential for extensive damage to plumbing infrastructure from animal or debris entering sewer system"
IMG20260525133813.jpg,Building F,Storm Water,Low,Waste water pipe cover broken
IMG20260525133819.jpg,Building F,Foundation,High,Soil erosion exposing slab over pour.
IMG20260525133827.jpg,Building F,Foundation,High,Soil erosion exposing slab over pour.
IMG20260525133848.jpg,Building F,Storm Water,Moderate,Flex downpipe broken
IMG20260525133853.jpg,Building F,Foundation,High,"Soil erosion exposing unit patio slab, potential for water to enter under slab and degrade integrity from below"
IMG20260525133909.jpg,Building G,Foundation,High,"Soil erosion exposing unit patio slab, potential for water to enter under slab and degrade integrity from below. Algae present to slab"
IMG20260525133914.jpg,Building G,Foundation,High,"Soil erosion exposing unit patio slab, potential for water to enter under slab and degrade integrity from below. Algae present to slab"
IMG20260525133918.jpg,Building G,Foundation,High,Soil erosion exposing slab over pour.
IMG20260525133922.jpg,Building G,Foundation,High,Soil erosion exposing slab over pour.
IMG20260525133933.jpg,Building F,Storm Water,Low,"Storm water flex pipe exposed in garden bed and is visible broken, potential further issues of storm water infrastructure blockacges due to debris"
IMG20260525133948.jpg,Building G,Foundation,High,Soil erosion exposing slab over pour.
IMG20260525133950.jpg,Building G,Foundation,High,Soil erosion exposing slab over pour.
IMG20260525133951.jpg,Building G,Foundation,High,"Soil erosion exposing unit patio slab, potential for water to enter under slab and degrade integrity from below. Cracking evidence integrity already compromised"
IMG20260525134014.jpg,Building G,Electrical,High,Conduit for electrical wiring separated and exposed to elements
IMG20260525134018.jpg,Building G,Foundation,High,Soil erosion exposing slab over pour.
IMG20260525134024.jpg,Building G,Storm Water,Moderate,Flex downpipe broken
IMG20260525134037.jpg,Building I,Storm Water,Moderate,Flex downpipe broken
IMG20260525134040.jpg,Building I,Foundation,High,Soil erosion exposing slab. Cracking to base of post.
IMG20260525134041.jpg,Building I,Foundation,High,Soil erosion exposing slab. Cracking to base of post.
IMG20260525134049.jpg,Building G,"Storm Water, Foundation",High,"Flex downpipe broken, Soil erosion exposing slab over pour."
IMG20260525134054.jpg,Building G,"Storm Water, Foundation, Sewerage",High,"Flex downpipe broken, Soil erosion exposing slab over pour. Bolted Screw Cap protruding due to soil erosion, trip hazard. "
IMG20260525134130.jpg,Building G,Sewerage,Moderate,"Bolted Screw Cap missing, potential for extensive damage to plumbing infrastructure from animal or debris entering sewer system"
IMG20260525134132.jpg,Building G,"Storm Water, Foundation",Moderate,"Flex downpipe deteriorated, algae build up present. Cracks to concrete slab at base of post."
IMG20260525134142.jpg,Building G,Storm Water,Moderate,Presence of algae is evidence of water pooling
IMG20260525134147.jpg,Building G,Water Supply,Low,Tap appeared to have slow leak
IMG20260525134324.jpg,Building G,Foundation,Low,Slab has mulitple cracks near posts
IMG20260525134438.jpg,Building I,Foundation,High,Soil erosion exposing slab over pour.
IMG20260525134442.jpg,Building I,Tenant SUN33,Moderate,"Hammock frame to be removed, fall and trip hazard"
IMG20260525134446.jpg,Building I,Sewerage,High,"Bolted Screw Cap protruding due to soil erosion, trip hazard. "
IMG20260525134451.jpg,Building I,"Sewerage, Storm Water",High,"Bolted Screw Cap protruding due to soil erosion, trip hazard. Flex downpipe deteriorated."
IMG20260525134457.jpg,Building I,Foundation,Low,Algae present around slab
IMG20260525134500.jpg,Building I,Foundation,High,Soil erosion exposing slab. Cracking to base of post.
IMG20260525134514.jpg,Building I,Foundation,High,"Soil erosion exposing unit patio slab, potential for water to enter under slab and degrade integrity from below. Cracking to base of post."
IMG20260525134515.jpg,Building I,Foundation,High,"Soil erosion exposing unit patio slab, potential for water to enter under slab and degrade integrity from below. Cracking to base of post."
IMG20260525134521.jpg,Building I,Sewerage,Low,"Bolted Screw Cap buried due to movement, potential to restrict access"
IMG20260525134525.jpg,Building I,Foundation,High,"Soil erosion exposing unit patio slab, potential for water to enter under slab and degrade integrity from below. Cracking to base of post."
IMG20260525134538.jpg,Building I,Sewerage,Moderate,"Bolted Screw Cap missing, potential for extensive damage to plumbing infrastructure from animal or debris entering sewer system"
IMG20260525134543.jpg,Building I,Facade,Moderate,"Lattice deteriorated and protruding from building, risk of harm from panels and exposed nails"
IMG20260525134548.jpg,Building I,Facade,High,"Lattice deteriorated and protruding from building, risk of harm from panels and exposed nails. Soil erosion exposing slab, algae evident to surrounding area"
IMG20260525134554.jpg,Building I,Storm Water,Moderate,Flex downpipe broken
IMG20260525134623.jpg,Building L,"Foundation, Storm Water",High,"Separation of pathway from building. Downpipe broken, water marks evident on concrete"
IMG20260525134636.jpg,Building I & Building L,Storm Water,High,Storm water pipe under path exposed due to soil erosion
IMG20260525134640.jpg,Building I & Building L,Storm Water,High,Storm water pipe under path exposed due to soil erosion
IMG20260525134650.jpg,Building L,"Foundation, Storm Water",High,"Separation of pathway from building. Downpipe broken, water marks evident on concrete"
IMG20260525134708.jpg,Building L,"Storm Water, Foundation",High,"Flex downpipe broken, Soil erosion exposing slab, cracking to base of posts"
IMG20260525134711.jpg,Building L,Sewerage,Low,"Bolted Screw Cap cracking, replacement recommended"
IMG20260525134716.jpg,Building L,Foundation,Moderate,"Cracking of slab to base of posts, algae evident around storm pipe."
IMG20260525134724.jpg,Building L,Foundation,Moderate,Cracking of slab to base of post.
IMG20260525134727.jpg,Building L,Foundation,Moderate,Cracking of slab to base of post.
IMG20260525134731.jpg,Building L,Foundation,Moderate,Cracking of slab to base of post.
IMG20260525134736.jpg,Building L,Foundation,Moderate,Cracking of slab to base of post.
IMG20260525134742.jpg,Building L,Sewerage,Low,"Bolted Screw Cap buried due to movement, potential to restrict access"
IMG20260525134747.jpg,Building L,Foundation,Moderate,Cracking of slab to base of post.
IMG20260525134751.jpg,Building L,Foundation,Moderate,Cracking of slab to base of post.
IMG20260525134806.jpg,Building L,Foundation,Moderate,Cracking of slab to base of post.
IMG20260525134808.jpg,Building L,Foundation,Moderate,Cracking of slab to base of post.
IMG20260525134810.jpg,Building L,Foundation,Moderate,Cracking of slab to base of post.
IMG20260525134813.jpg,Building L,Sewerage,Moderate,"Bolted Screw Cap cracking, replacement recommended. Trip Hazard"
IMG20260525134818.jpg,Building L,Sewerage,Moderate,"Bolted Screw Cap cracking, replacement recommended. Trip Hazard"
IMG20260525134826.jpg,Building L,Facade,High,"Lattice deteriorated and protruding from building, risk of harm from panels and exposed nails"
IMG20260525134844.jpg,Building L,Storm Water,Low,"Flex downpipe deteriorated, algae build up present. "
IMG20260525134852.jpg,Building L & Building N,"Storm Water, Foundation",Low,Flex downpipe deteriorated. Cracking of concrete to base of post.
IMG20260525134911.jpg,Building L & Building N,Storm Water,High,Flex downpipe separated. Algae present at base of downpipe
IMG20260525134935.jpg,Building N,Sewerage,Moderate,"Bolted Screw Cap protruding, trip hazard"
IMG20260525134939.jpg,Building N,"Storm Water, Foundation",Moderate,Flex downpipe broken. Cracking of concrete to base of post.
IMG20260525134947.jpg,Building N,Foundation,Moderate,Cracking of slab to base of post.
IMG20260525134954.jpg,Building N,Foundation,Moderate,Cracking of slab to base of post.
IMG20260525135020.jpg,Building N,Storm Water,Moderate,Flex downpipe broken
IMG20260525135023.jpg,Building N,Grounds,Informational,Slab has mulitple cracks near posts
IMG20260525135039.jpg,Building O,Storm Water,Low,Flex downpipe deteriorated.
IMG20260525135155.jpg,Building O,Foundation,High,Erosion to edge of patio concrete
IMG20260525135201.jpg,Building O,Storm Water,Low,Flex downpipe deteriorated.
IMG20260525135220.jpg,Building O,"Sewerage, Grounds",Moderate,"Bolted Screw Cap protruding, trip hazard. Roots from neighbouring tree"
IMG20260525135221.jpg,Building O,Fence,Low,Second wood panel to end section of colourbond fence yet to be installed
IMG20260525135249.jpg,Building O,Fence,Moderate,"Wood fence being held in place by a rope, tree in photo fills gutters of building causing heavy overflow during rains"
IMG20260525135309.jpg,Building O,Fence,Low,Post holes not filled
IMG20260525135311.jpg,Building O,Fence,Low,Post holes not filled
IMG20260525135314.jpg,Building O,Grounds,Moderate,"Arborist required to remove branches from neighbouring tree. Neighbour refuses to remove tree, cut branches can be placed on their side of the fence upon removal"
IMG20260525135319.jpg,Building O,Fence,Low,Post holes not filled
IMG20260525135329.jpg,Building O,Fence,Low,Post holes not filled
IMG20260525135332.jpg,Building O,"Storm Water, Foundation",High,"Flex downpipe deteriorated, algae present to base of downpipe. Soil erosion exposing slab."
IMG20260525135335.jpg,Building M,"Storm Water, Foundation",Moderate,Flex downpipe broken. Cracking of concrete to base of post.
IMG20260525135411.jpg,Building M,Foundation,Moderate,Cracking of slab to base of post.
IMG20260525135416.jpg,Building M,Foundation,Moderate,Cracking of slab to base of post.
IMG20260525135423.jpg,Building M,Foundation,Moderate,Cracking of slab to base of post.
IMG20260525135431.jpg,Building M,Foundation,Moderate,Cracking of slab to base of post.
IMG20260525135448.jpg,Building M,"Storm Water, Foundation",Moderate,Flex downpipe broken. Cracking of concrete to base of post.
IMG20260525135511.jpg,Building K,Foundation,Moderate,Cracking of slab to base of post.
IMG20260525135515.jpg,Building K,Foundation,Moderate,Cracking of slab to base of post.
IMG20260525135519.jpg,Building K,Foundation,Moderate,Cracking of slab to base of post.
IMG20260525135521.jpg,Building K,Foundation,Moderate,Cracking of slab to base of post.
IMG20260525135532.jpg,Building K,Foundation,Moderate,Cracking of slab to base of post.
IMG20260525135550.jpg,Building K,Storm Water,Low,Flex downpipe deteriorated
IMG20260525135555.jpg,Building K,"Storm Water, Foundation, Sewerage",Moderate,"Flex downpipe broken. Cracking of concrete to base of post. Algae present at base of downpipe and slab. Bolted Screw Cap protruding, trip hazard. "
IMG20260525135610.jpg,Building K,Sewerage,Moderate,"Bolted Screw Cap broken, potential for extensive damage to plumbing infrastructure from animal or debris entering sewer system"
IMG20260525135623.jpg,Building J,Storm Water,Moderate,Flex downpipe complete faliure. 
IMG20260525135637.jpg,Building M & Building J,Pathway,High,"Holes and erosion to concrete paths, continue to monitor"
IMG20260525135640.jpg,Building M & Building J,Pathway,High,"Holes and erosion to concrete paths, continue to monitor"
IMG20260525135707.jpg,Building J,Storm Water,Moderate,Flex downpipe broken
IMG20260525135716.jpg,Building J,Storm Water,Low,Flex downpipe deteriorated
IMG20260525135722.jpg,Building J,Sewerage,Moderate,"Bolted Screw Cap protruding, trip hazard"
IMG20260525135745.jpg,Building J,Sewerage,Moderate,"Bolted Screw Cap protruding, trip hazard. "
IMG20260525135751.jpg,Building J,Sewerage,Moderate,"Bolted Screw Cap broken, potential for extensive damage to plumbing infrastructure from animal or debris entering sewer system"
IMG20260525135756.jpg,Building J,Storm Water,Low,Both Flex downpipes deteriorated. Algae present
IMG20260525135800.jpg,Building J,Sewerage,Moderate,"Bolted Screw Cap protruding, trip hazard"
IMG20260525135807.jpg,Building J,Storm Water,Low,Flex downpipe deteriorated
IMG20260525135838.jpg,Building J,Storm Water,Low,Downpipe deteriorated
IMG20260525135847.jpg,Building J,Foundation,Moderate,Cracking of slab to base of post.
IMG20260525135853.jpg,Building J,Foundation,Moderate,Cracking of slab to base of post.
IMG20260525135900.jpg,Building J,Foundation,Moderate,Cracking of slab to base of post.
IMG20260525135907.jpg,Building H & Building J,Infrastructure,High,"Soil erosion has caused utility pits to be exposed. Energex and Telstra required to attend if repairs required, potential costs involved. Bolted Screw Cap protruding, trip hazard"
IMG20260525135925.jpg,Building H,Pathway,High,"Algae build up present at base of downpipe, all bin corals pressure washed November 2025"
IMG20260525135932.jpg,Building H,Pathway,High,"Algae build up present at base of downpipe, all bin corals pressure washed November 2026"
IMG20260525135940.jpg,Building H,Storm Water,Low,Flex downpipe deteriorated. Algae present on slab
IMG20260525140053.jpg,Building H,Storm Water,Low,Downpipe deteriorated
IMG20260525140102.jpg,Building H,Storm Water,Low,Flex downpipe deteriorated
IMG20260525140117.jpg,Building H,Storm Water,Low,Flex downpipe deteriorated
IMG20260525140137.jpg,Building H,Foundation,High,"Soil erosion exposing unit patio slab, potential for water to enter under slab and degrade integrity from below. Cracking to base of post."
IMG20260525140139.jpg,Building H,Sewerage,Moderate,"Bolted Screw Cap protruding, trip hazard"
IMG20260525140156.jpg,Building H,Foundation,High,"Soil erosion exposing unit patio slab, potential for water to enter under slab and degrade integrity from below. Cracking to base of post."
IMG20260525140215.jpg,Building H,Foundation,High,"Soil erosion exposing unit patio slab, potential for water to enter under slab and degrade integrity from below. Cracking to base of post."
IMG20260525140222.jpg,Building H,Sewerage,Moderate,"Bolted Screw Cap protruding, trip hazard"
IMG20260525140233.jpg,Building K,Foundation,Critical,Cracking of slab to base of post.
IMG20260525140252.jpg,Building K,Foundation,Critical,Exposed/protruding rebar
IMG20260525140256.jpg,Building K,Foundation,Critical,Exposed/protruding rebar
IMG20260525140308.jpg,Building K,Foundation,Critical,Exposed/protruding rebar
IMG20260525140318.jpg,Building K,Sewerage,Moderate,"Bolted Screw Cap protruding, trip hazard"
IMG20260525140329.jpg,Building K,Storm Water,Low,Flex downpipe deteriorated
IMG20260525140341.jpg,Building K,Sewerage,Moderate,"Bolted Screw Cap broken, potential for extensive damage to plumbing infrastructure from animal or debris entering sewer system"
IMG20260525140343.jpg,Building K,Storm Water,Moderate,Flex downpipe broken
IMG20260525140349.jpg,Building K,"Storm Water, Foundation",High,"Flex downpipe broken. Soil erosion exposing unit patio slab, potential for water to enter under slab and degrade integrity from below. Cracking to base of post."
IMG20260525140356.jpg,Building K,Foundation,High,"Soil erosion exposing unit patio slab, potential for water to enter under slab and degrade integrity from below. Cracking to base of post. Algae present to slab and lattice"
IMG20260525140415.jpg,Building K,Foundation,High,"Soil erosion exposing unit patio slab, potential for water to enter under slab and degrade integrity from below. Cracking to base of post. Algae present to slab and lattice"
IMG20260525140439.jpg,Building M,"Storm Water, Foundation, Sewerage",Moderate,"Flex downpipe broken. Cracking of concrete to base of post. Algae present at base of downpipe, lattice and slab. Bolted Screw Cap protruding, trip hazard. "
IMG20260525140451.jpg,Building M,Foundation,High,"Soil erosion exposing unit patio slab, potential for water to enter under slab and degrade integrity from below. Cracking to base of post. Algae present to slab and lattice"
IMG20260525140452.jpg,Building M,Sewerage,Moderate,"Bolted Screw Cap protruding, trip hazard"
IMG20260525140500.jpg,Building M,Foundation,Moderate,"Algae visible around base of downpipe, slab and lattice. Cracking to base of post."
IMG20260525140507.jpg,Building M,Foundation,High,Cracking of slab to base of post.
IMG20260525140515.jpg,Building M,Foundation,Moderate,"Algae visible around base of downpipe, slab and lattice. Cracking to base of post."
IMG20260525140517.jpg,Building M,"Storm Water, Foundation",Moderate,"Flex downpipe broken. Algae visible around base of downpipe, slab and lattice. Cracking to base of post."
IMG20260525140523.jpg,Building M,Storm Water,Moderate,Flex downpipe broken
IMG20260521121857.jpg,Building M,Pathway,High,"Footpath has separated from building, this allows for water ingress"
IMG20260521123317.jpg,Building M,Pathway,Critical,Rebar visible where concrete is broken at base of post
IMG20260521123328.jpg,Building M,Pathway,Critical,Rebar visible where concrete is broken at base of post
IMG20260521123426.jpg,Building M,Pathway,Critical,Rebar visible where concrete is broken at base of post
IMG20260521123521.jpg,Building M,Pathway,Critical,Pathway cracking at base of post
IMG20260521123528.jpg,Building M,Pathway,Critical,Pathway cracking at base of post
IMG20260521121946.jpg,Building M,Pathway,High,"Footpath has separated from building, this allows for water ingress"
IMG20260525140550.jpg,Carpark,Asphalt,Moderate,"Noticeable patches of loose gravel/aggregate on the surface. Small, shallow pits are forming where rocks have completely dislodged."
IMG20260525140554.jpg,Carpark,Asphalt,High,Large amounts of loose rock are present (creating a slip hazard for pedestrians or traction issues for vehicles).
IMG20260525140556.jpg,Carpark,Asphalt,High,Large amounts of loose rock are present (creating a slip hazard for pedestrians or traction issues for vehicles).
IMG20260525140559.jpg,Carpark,Asphalt,High,Large amounts of loose rock are present (creating a slip hazard for pedestrians or traction issues for vehicles).
IMG20260525140604.jpg,Carpark,Asphalt,High,Large amounts of loose rock are present (creating a slip hazard for pedestrians or traction issues for vehicles).
IMG20260525140610.jpg,Carpark,Asphalt,High,Large amounts of loose rock are present (creating a slip hazard for pedestrians or traction issues for vehicles).
IMG20260525140619.jpg,Carpark,Asphalt,High,Large amounts of loose rock are present (creating a slip hazard for pedestrians or traction issues for vehicles).
IMG20260525140625.jpg,Carpark,Asphalt,High,Large amounts of loose rock are present (creating a slip hazard for pedestrians or traction issues for vehicles).
IMG20260525140627.jpg,Carpark,Asphalt,High,Large amounts of loose rock are present (creating a slip hazard for pedestrians or traction issues for vehicles).
IMG20260525140639.jpg,Carpark,Asphalt,Moderate,"Noticeable patches of loose gravel/aggregate on the surface. Small, shallow pits are forming where rocks have completely dislodged."
IMG20260525140649.jpg,Carpark,Asphalt,Moderate,"Noticeable patches of loose gravel/aggregate on the surface. Small, shallow pits are forming where rocks have completely dislodged."
IMG20260525140657.jpg,Carpark,Asphalt,High,Large amounts of loose rock are present (creating a slip hazard for pedestrians or traction issues for vehicles).
IMG20260525140702.jpg,Carpark,Asphalt,High,Clear difference of surface intergrity can be seen between the carparks and the resurfaced section of the driveway
IMG20260525140716.jpg,Carpark,Asphalt,High,Large amounts of loose rock are present (creating a slip hazard for pedestrians or traction issues for vehicles).
IMG20260525140724.jpg,Carpark,Asphalt,High,Large amounts of loose rock are present (creating a slip hazard for pedestrians or traction issues for vehicles).
IMG20260525140745.jpg,Carpark,Asphalt,Moderate,"Noticeable patches of loose gravel/aggregate on the surface. Small, shallow pits are forming where rocks have completely dislodged."
IMG20260525140758.jpg,Carpark,Asphalt,High,Large amounts of loose rock are present (creating a slip hazard for pedestrians or traction issues for vehicles).
IMG20260525140803.jpg,Carpark,Asphalt,High,Clear difference of surface intergrity can be seen between the carparks and the resurfaced section of the driveway
IMG20260525140806.jpg,Carpark,Asphalt,High,Clear difference of surface intergrity can be seen between the carparks and the resurfaced section of the driveway
IMG20260525140811.jpg,Carpark,Asphalt,High,Clear difference of surface intergrity can be seen between the carparks and the resurfaced section of the driveway
IMG20260525141053.jpg,Carpark,Asphalt,High,Large amounts of loose rock are present (creating a slip hazard for pedestrians or traction issues for vehicles).
IMG20260525141100.jpg,Carpark,Asphalt,High,Large amounts of loose rock are present (creating a slip hazard for pedestrians or traction issues for vehicles).
IMG20260212230646.jpg,Carpark,Lighting,Critical,Lights to round about and scheme buildings only light to carpark
IMG20260212230251.jpg,Carpark,Lighting,Critical,"No lighting to lower carpark, serious safety and liability issue"
IMG20260212230736.jpg,Carpark,Lighting,Critical,"Driveway light no longer operational, the council street lamp is the only illumination"
IMG20260212231021.jpg,Carpark,Lighting,Critical,Lights from scheme pathways only illumnation to carpark
IMG20260212230846.jpg,Carpark,Lighting,Critical,Lights from scheme pathways only illumnation to carpark. Bollard and Floodlight no longer operational
IMG20260525140820.jpg,Round About,"Paving, Pathways & Trip Hazards",Moderate,"Driveway is block cracking, this is and will contiue to reduce the integirty of the road way as water is able to leak down to the substrate. This is the cause for the potholes reappearing frequently."
IMG20260525140823.jpg,Round About,"Paving, Pathways & Trip Hazards",Moderate,"Driveway is block cracking, this is and will contiue to reduce the integirty of the road way as water is able to leak down to the substrate. This is the cause for the potholes reappearing frequently."
IMG20260525140843.jpg,Round About,"Paving, Pathways & Trip Hazards",Moderate,"Driveway is block cracking, this is and will contiue to reduce the integirty of the road way as water is able to leak down to the substrate. This is the cause for the potholes reappearing frequently."
IMG20260525140849.jpg,Round About,"Paving, Pathways & Trip Hazards",Moderate,"Driveway is block cracking, this is and will contiue to reduce the integirty of the road way as water is able to leak down to the substrate. This is the cause for the potholes reappearing frequently."
IMG20260525140859.jpg,Round About,"Paving, Pathways & Trip Hazards",Moderate,"Driveway is block cracking, this is and will contiue to reduce the integirty of the road way as water is able to leak down to the substrate. This is the cause for the potholes reappearing frequently."
IMG20260525140900.jpg,Driveway,Asphalt,High,Large amounts of loose rock are present (creating a slip hazard for pedestrians or traction issues for vehicles).
IMG20260525140905.jpg,Driveway,Asphalt,High,Large amounts of loose rock are present (creating a slip hazard for pedestrians or traction issues for vehicles).
IMG20260525140910.jpg,Driveway,Asphalt,High,Large amounts of loose rock are present (creating a slip hazard for pedestrians or traction issues for vehicles).
IMG20260525140926.jpg,Driveway,Asphalt,High,Large amounts of loose rock are present (creating a slip hazard for pedestrians or traction issues for vehicles).
IMG20260525140939.jpg,Driveway,Asphalt,High,Large amounts of loose rock are present (creating a slip hazard for pedestrians or traction issues for vehicles).
IMG20260525141015.jpg,Driveway,Asphalt,High,Large amounts of loose rock are present (creating a slip hazard for pedestrians or traction issues for vehicles).
